{
  "topology": "custom",
  "num_domains": 3,
  "bandwidth_matrix": [
    [
      443.6104885663779,
      4.005196467884412,
      1.7847251130343122
    ],
    [
      3.0640256426862087,
      306.77252166301037,
      2.5651405414574096
    ],
    [
      4.092536005350953,
      5.127452185262192,
      490.20470569076656
    ]
  ],
  "latency_matrix": [
    [
      0.45267781015021813,
      91.39578769960094,
      23.490317482614547
    ],
    [
      62.625862332113584,
      0.5741037139673534,
      20.579150773735773
    ],
    [
      39.5747823002559,
      63.06238226284707,
      0.43056785370992695
    ]
  ]
}